date,day_miles,year,wday,month
2016-07-25,0.48458291000000003,2016,Mon,Jul
2016-07-26,7.28077915,2016,Tue,Jul
2016-07-27,7.507251929,2016,Wed,Jul
2016-07-28,6.143255143,2016,Thu,Jul
2016-07-29,6.98392945,2016,Fri,Jul
2016-07-30,1.172129062,2016,Sat,Jul
2016-07-31,0.56901457,2016,Sun,Jul
2016-08-01,4.38603714,2016,Mon,Aug
2016-08-02,6.81948305,2016,Tue,Aug
2016-08-03,4.07465478,2016,Wed,Aug
2016-08-04,6.55903441,2016,Thu,Aug
2016-08-05,8.30187482,2016,Fri,Aug
2016-08-06,1.41347766,2016,Sat,Aug
2016-08-07,1.00327864,2016,Sun,Aug
2016-08-08,4.74050697,2016,Mon,Aug
2016-08-09,3.35040777,2016,Tue,Aug
2016-08-10,6.89206085,2016,Wed,Aug
2016-08-11,1.69023485,2016,Thu,Aug
2016-08-12,3.02518882,2016,Fri,Aug
2016-08-13,2.751792081,2016,Sat,Aug
2016-08-14,4.8630238,2016,Sun,Aug
2016-08-15,1.74931494,2016,Mon,Aug
2016-08-16,6.00698364,2016,Tue,Aug
2016-08-17,4.347323684,2016,Wed,Aug
2016-08-18,7.73076093,2016,Thu,Aug
2016-08-19,2.90378708,2016,Fri,Aug
2016-08-20,1.67744103,2016,Sat,Aug
2016-08-21,3.46943194,2016,Sun,Aug
2016-08-22,2.79330758,2016,Mon,Aug
2016-08-23,5.485447874,2016,Tue,Aug
2016-08-24,4.78410576,2016,Wed,Aug
2016-08-25,5.62004115,2016,Thu,Aug
2016-08-26,3.21812646,2016,Fri,Aug
2016-08-27,0.39982741,2016,Sat,Aug
2016-08-28,2.17839034,2016,Sun,Aug
2016-08-29,3.27442705,2016,Mon,Aug
2016-08-30,4.82516545,2016,Tue,Aug
2016-08-31,5.10304637,2016,Wed,Aug
2016-09-01,5.55457523,2016,Thu,Sep
2016-09-02,3.35547596,2016,Fri,Sep
2016-09-03,1.7483839970000001,2016,Sat,Sep
2016-09-04,1.31768058,2016,Sun,Sep
2016-09-05,2.00357373,2016,Mon,Sep
2016-09-06,5.360821907,2016,Tue,Sep
2016-09-07,4.34687714,2016,Wed,Sep
2016-09-08,4.148655522,2016,Thu,Sep
2016-09-09,3.26364714,2016,Fri,Sep
2016-09-10,0.72408402,2016,Sat,Sep
2016-09-11,1.52788961,2016,Sun,Sep
2016-09-12,4.64179912,2016,Mon,Sep
2016-09-13,5.00144175,2016,Tue,Sep
2016-09-14,3.50178289,2016,Wed,Sep
2016-09-15,6.6842414,2016,Thu,Sep
2016-09-16,3.36542745,2016,Fri,Sep
2016-09-17,2.51671922,2016,Sat,Sep
2016-09-18,6.27613408,2016,Sun,Sep
2016-09-19,4.75694322,2016,Mon,Sep
2016-09-20,3.48554446,2016,Tue,Sep
2016-09-21,4.54428811,2016,Wed,Sep
2016-09-22,4.51818193,2016,Thu,Sep
2016-09-23,2.29296056,2016,Fri,Sep
2016-09-24,0.72587361,2016,Sat,Sep
2016-09-25,2.166802141,2016,Sun,Sep
2016-09-26,3.95257954,2016,Mon,Sep
2016-09-27,3.906633455,2016,Tue,Sep
2016-09-28,3.69532671,2016,Wed,Sep
2016-09-29,4.34443718,2016,Thu,Sep
2016-09-30,3.44948487,2016,Fri,Sep
2016-10-01,0.498954666,2016,Sat,Oct
2016-10-02,1.513952345,2016,Sun,Oct
2016-10-03,5.0680963,2016,Mon,Oct
2016-10-04,3.522337126,2016,Tue,Oct
2016-10-05,4.11489291,2016,Wed,Oct
2016-10-06,5.577513477,2016,Thu,Oct
2016-10-07,3.12068363,2016,Fri,Oct
2016-10-08,2.85250268,2016,Sat,Oct
2016-10-09,1.28304523,2016,Sun,Oct
2016-10-10,3.28307019,2016,Mon,Oct
2016-10-11,4.30539517,2016,Tue,Oct
2016-10-12,3.28388602,2016,Wed,Oct
2016-10-13,5.16995662,2016,Thu,Oct
2016-10-14,2.98774449,2016,Fri,Oct
2016-10-15,3.769689504,2016,Sat,Oct
2016-10-16,1.57634152,2016,Sun,Oct
2016-10-17,4.15685501,2016,Mon,Oct
2016-10-18,3.73044423,2016,Tue,Oct
2016-10-19,3.79866086,2016,Wed,Oct
2016-10-20,4.88886895,2016,Thu,Oct
2016-10-21,2.883604959,2016,Fri,Oct
2016-10-22,4.257159711,2016,Sat,Oct
2016-10-23,3.79159013,2016,Sun,Oct
2016-10-24,3.4170508,2016,Mon,Oct
2016-10-25,4.507893348,2016,Tue,Oct
2016-10-26,5.13909813,2016,Wed,Oct
2016-10-27,4.45843174,2016,Thu,Oct
2016-10-28,3.774906302,2016,Fri,Oct
2016-10-29,0.698204755,2016,Sat,Oct
2016-10-30,1.3759954,2016,Sun,Oct
2016-10-31,2.627448874,2016,Mon,Oct
2016-11-01,3.991015602,2016,Tue,Nov
2016-11-02,5.73286307,2016,Wed,Nov
2016-11-03,4.77028544,2016,Thu,Nov
2016-11-04,3.010849278,2016,Fri,Nov
2016-11-05,1.70237926,2016,Sat,Nov
2016-11-06,5.84282603,2016,Sun,Nov
2016-11-07,3.765448428,2016,Mon,Nov
2016-11-08,6.446843903,2016,Tue,Nov
2016-11-09,3.06839815,2016,Wed,Nov
2016-11-10,7.62931906,2016,Thu,Nov
2016-11-11,1.89063895,2016,Fri,Nov
2016-11-12,2.48794982,2016,Sat,Nov
2016-11-13,1.3438018999999999,2016,Sun,Nov
2016-11-14,3.815804406,2016,Mon,Nov
2016-11-15,4.815807393,2016,Tue,Nov
2016-11-16,5.175525852,2016,Wed,Nov
2016-11-17,6.32790767,2016,Thu,Nov
2016-11-18,3.8596657199999997,2016,Fri,Nov
2016-11-19,2.73580364,2016,Sat,Nov
2016-11-20,1.9772538100000001,2016,Sun,Nov
2016-11-21,5.42154401,2016,Mon,Nov
2016-11-22,4.06002086,2016,Tue,Nov
2016-11-23,2.022984976,2016,Wed,Nov
2016-11-24,1.943839968,2016,Thu,Nov
2016-11-25,2.93593303,2016,Fri,Nov
2016-11-26,6.884056236,2016,Sat,Nov
2016-11-27,4.86379511,2016,Sun,Nov
2016-11-28,4.096245679,2016,Mon,Nov
2016-11-29,5.59411673,2016,Tue,Nov
2016-11-30,4.108026832,2016,Wed,Nov
2016-12-01,4.697623,2016,Thu,Dec
2016-12-02,5.59963521,2016,Fri,Dec
2016-12-03,0.14532629,2016,Sat,Dec
2016-12-04,3.55426977,2016,Sun,Dec
2016-12-05,1.61741734,2016,Mon,Dec
2016-12-06,7.42394413,2016,Tue,Dec
2016-12-07,3.415303282,2016,Wed,Dec
2016-12-08,2.681372799,2016,Thu,Dec
2016-12-09,3.58836866,2016,Fri,Dec
2016-12-10,0.9233323,2016,Sat,Dec
2016-12-11,0.94010998,2016,Sun,Dec
2016-12-12,0.9485979,2016,Mon,Dec
2016-12-13,0.24898968999999999,2016,Tue,Dec
2016-12-14,3.49146419,2016,Wed,Dec
2016-12-15,3.55575449,2016,Thu,Dec
2016-12-16,2.8083693100000002,2016,Fri,Dec
2016-12-17,2.40066152,2016,Sat,Dec
2016-12-18,4.78698157,2016,Sun,Dec
2016-12-19,1.79563219,2016,Mon,Dec
2016-12-20,1.9593308,2016,Tue,Dec
2016-12-21,4.55808748,2016,Wed,Dec
2016-12-22,1.92634869,2016,Thu,Dec
2016-12-23,1.3046616819999999,2016,Fri,Dec
2016-12-24,1.192739963,2016,Sat,Dec
2016-12-25,1.431850829,2016,Sun,Dec
2016-12-26,1.04221998,2016,Mon,Dec
2016-12-27,2.82381705,2016,Tue,Dec
2016-12-28,2.37176044,2016,Wed,Dec
2016-12-29,1.52989059,2016,Thu,Dec
2016-12-30,2.99633812,2016,Fri,Dec
2016-12-31,0.26671111000000003,2016,Sat,Dec
2017-01-01,1.27146887,2017,Sun,Jan
2017-01-02,1.6035912350000001,2017,Mon,Jan
2017-01-03,1.790829031,2017,Tue,Jan
2017-01-04,5.0553393699999996,2017,Wed,Jan
2017-01-05,2.80184391,2017,Thu,Jan
2017-01-06,1.01914189,2017,Fri,Jan
2017-01-07,1.39743287,2017,Sat,Jan
2017-01-08,2.397902485,2017,Sun,Jan
2017-01-09,1.17088643,2017,Mon,Jan
2017-01-10,0.31808601,2017,Tue,Jan
2017-01-11,0.8374033909999999,2017,Wed,Jan
2017-01-12,0.97189863,2017,Thu,Jan
2017-01-13,1.22810902,2017,Fri,Jan
2017-01-14,3.23939473,2017,Sat,Jan
2017-01-15,1.65115726,2017,Sun,Jan
2017-01-16,2.42969636,2017,Mon,Jan
2017-01-17,6.42800398,2017,Tue,Jan
2017-01-18,5.13162025,2017,Wed,Jan
2017-01-19,5.03047003,2017,Thu,Jan
2017-01-20,3.992957294,2017,Fri,Jan
2017-01-21,1.685162319,2017,Sat,Jan
2017-01-22,0.220449997,2017,Sun,Jan
2017-01-23,4.61549347,2017,Mon,Jan
2017-01-24,4.80956748,2017,Tue,Jan
2017-01-25,5.179109516,2017,Wed,Jan
2017-01-26,4.63910836,2017,Thu,Jan
2017-01-27,3.2958217,2017,Fri,Jan
2017-01-28,1.76249829,2017,Sat,Jan
2017-01-29,1.2426375,2017,Sun,Jan
2017-01-30,5.069247466,2017,Mon,Jan
2017-01-31,5.93005551,2017,Tue,Jan
2017-02-01,4.82404344,2017,Wed,Feb
2017-02-02,6.22401287,2017,Thu,Feb
2017-02-03,5.044494206,2017,Fri,Feb
2017-02-04,4.945586797,2017,Sat,Feb
2017-02-05,1.100827971,2017,Sun,Feb
2017-02-06,7.088892772,2017,Mon,Feb
2017-02-07,5.51141232,2017,Tue,Feb
2017-02-08,5.78975709,2017,Wed,Feb
2017-02-09,5.933239776,2017,Thu,Feb
2017-02-10,5.63703658,2017,Fri,Feb
2017-02-11,1.540745736,2017,Sat,Feb
2017-02-12,3.33559726,2017,Sun,Feb
2017-02-13,5.44991788,2017,Mon,Feb
2017-02-14,5.471179054,2017,Tue,Feb
2017-02-15,8.51341395,2017,Wed,Feb
2017-02-16,6.53207588,2017,Thu,Feb
2017-02-17,4.026162,2017,Fri,Feb
2017-02-18,1.83823968,2017,Sat,Feb
2017-02-19,2.7453426,2017,Sun,Feb
2017-02-20,0.10683851999999999,2017,Mon,Feb
2017-02-21,5.76164394,2017,Tue,Feb
2017-02-22,6.427345301,2017,Wed,Feb
2017-02-23,3.733006489,2017,Thu,Feb
2017-02-24,5.32043639,2017,Fri,Feb
2017-02-25,0.2758697,2017,Sat,Feb
2017-02-26,0.740357939,2017,Sun,Feb
2017-02-27,3.85510167,2017,Mon,Feb
2017-02-28,5.64571615,2017,Tue,Feb
2017-03-01,5.21569641,2017,Wed,Mar
2017-03-02,4.17093706,2017,Thu,Mar
2017-03-03,4.88743483,2017,Fri,Mar
2017-03-04,2.84452709,2017,Sat,Mar
2017-03-05,2.3638453,2017,Sun,Mar
2017-03-06,4.60994777,2017,Mon,Mar
2017-03-07,3.4272674199999997,2017,Tue,Mar
2017-03-08,4.70923905,2017,Wed,Mar
2017-03-09,5.20095775,2017,Thu,Mar
2017-03-10,4.46669757,2017,Fri,Mar
2017-03-11,3.50335557,2017,Sat,Mar
2017-03-12,1.89667246,2017,Sun,Mar
2017-03-13,4.26175451,2017,Mon,Mar
2017-03-14,6.28507664,2017,Tue,Mar
2017-03-15,4.935694184,2017,Wed,Mar
2017-03-16,4.96111249,2017,Thu,Mar
2017-03-17,5.19671908,2017,Fri,Mar
2017-03-18,6.01658807,2017,Sat,Mar
2017-03-19,3.8684105030000002,2017,Sun,Mar
2017-03-20,4.85234383,2017,Mon,Mar
2017-03-21,5.406022971,2017,Tue,Mar
2017-03-22,4.160707416,2017,Wed,Mar
2017-03-23,7.68934792,2017,Thu,Mar
2017-03-24,3.09662067,2017,Fri,Mar
2017-03-25,0.997847872,2017,Sat,Mar
2017-03-26,1.232104693,2017,Sun,Mar
2017-03-27,2.10547818,2017,Mon,Mar
2017-03-28,1.45891655,2017,Tue,Mar
2017-03-29,2.20596703,2017,Wed,Mar
2017-03-30,1.5264412299999999,2017,Thu,Mar
2017-03-31,2.379981932,2017,Fri,Mar
2017-04-01,1.271450872,2017,Sat,Apr
2017-04-02,2.253532802,2017,Sun,Apr
2017-04-03,4.21385281,2017,Mon,Apr
2017-04-04,5.48433891,2017,Tue,Apr
2017-04-05,6.26858868,2017,Wed,Apr
2017-04-06,5.13085032,2017,Thu,Apr
2017-04-07,7.24554783,2017,Fri,Apr
2017-04-08,0.48705566,2017,Sat,Apr
2017-04-09,7.344163904,2017,Sun,Apr
2017-04-10,5.50149602,2017,Mon,Apr
2017-04-11,9.37141454,2017,Tue,Apr
2017-04-12,5.03962434,2017,Wed,Apr
2017-04-13,6.91528911,2017,Thu,Apr
2017-04-14,6.27339369,2017,Fri,Apr
2017-04-15,3.05006223,2017,Sat,Apr
2017-04-16,1.11874749,2017,Sun,Apr
2017-04-17,4.04778694,2017,Mon,Apr
2017-04-18,6.29425899,2017,Tue,Apr
2017-04-19,4.36390378,2017,Wed,Apr
2017-04-20,5.3752368200000005,2017,Thu,Apr
2017-04-21,5.49151716,2017,Fri,Apr
2017-04-22,6.790641216,2017,Sat,Apr
2017-04-23,7.279225718,2017,Sun,Apr
2017-04-24,5.620290064,2017,Mon,Apr
2017-04-25,6.35511979,2017,Tue,Apr
2017-04-26,5.035366349,2017,Wed,Apr
2017-04-27,9.63345991,2017,Thu,Apr
2017-04-28,8.470195794,2017,Fri,Apr
2017-04-29,1.211338449,2017,Sat,Apr
2017-04-30,3.8064576900000002,2017,Sun,Apr
2017-05-01,5.60574933,2017,Mon,May
2017-05-02,4.832285644,2017,Tue,May
2017-05-03,3.51789905,2017,Wed,May
2017-05-04,2.9012991,2017,Thu,May
2017-05-05,3.15406157,2017,Fri,May
2017-05-06,5.42403588,2017,Sat,May
2017-05-07,1.38721793,2017,Sun,May
2017-05-08,2.37215801,2017,Mon,May
2017-05-09,2.07243999,2017,Tue,May
2017-05-10,4.44863246,2017,Wed,May
2017-05-11,6.45063496,2017,Thu,May
2017-05-12,3.69671745,2017,Fri,May
2017-05-13,2.263077604,2017,Sat,May
2017-05-14,4.42476132,2017,Sun,May
2017-05-15,5.184428662,2017,Mon,May
2017-05-16,2.679371618,2017,Tue,May
2017-05-17,0.24191234,2017,Wed,May
2017-05-18,0.59097982,2017,Thu,May
2017-05-19,1.5041577,2017,Fri,May
2017-05-20,1.22306296,2017,Sat,May
2017-05-21,2.44996171,2017,Sun,May
2017-05-22,1.2537845,2017,Mon,May
2017-05-23,1.79724098,2017,Tue,May
2017-05-24,0.3195464,2017,Wed,May
2017-05-25,0.44538651,2017,Thu,May
2017-05-26,7.06336928,2017,Fri,May
2017-05-27,2.341801595,2017,Sat,May
2017-05-28,1.787765714,2017,Sun,May
2017-05-29,0.92608459,2017,Mon,May
2017-05-30,0.54145052,2017,Tue,May
2017-05-31,2.86311195,2017,Wed,May
2017-06-01,1.86040377,2017,Thu,Jun
2017-06-02,4.59205263,2017,Fri,Jun
2017-06-03,1.834387502,2017,Sat,Jun
2017-06-04,2.679365146,2017,Sun,Jun
2017-06-05,1.172136196,2017,Mon,Jun
2017-06-06,0.202138287,2017,Tue,Jun
2017-06-07,3.35850287,2017,Wed,Jun
2017-06-08,4.21497245,2017,Thu,Jun
2017-06-09,1.4587183799999999,2017,Fri,Jun
2017-06-10,3.56965605,2017,Sat,Jun
2017-06-11,0.13103482,2017,Sun,Jun
2017-06-12,1.27254321,2017,Mon,Jun
2017-06-13,2.79093333,2017,Tue,Jun
2017-06-14,0.41986052,2017,Wed,Jun
2017-06-15,3.67319972,2017,Thu,Jun
2017-06-16,4.36108219,2017,Fri,Jun
2017-06-17,3.16156736,2017,Sat,Jun
2017-06-18,2.43031931,2017,Sun,Jun
2017-06-19,0.418866249,2017,Mon,Jun
2017-06-20,2.214616022,2017,Tue,Jun
2017-06-21,2.09000159,2017,Wed,Jun
2017-06-22,3.36711737,2017,Thu,Jun
2017-06-23,5.332900099,2017,Fri,Jun
2017-06-24,0.9890051599999999,2017,Sat,Jun
2017-06-25,2.751518775,2017,Sun,Jun
2017-06-26,5.536915662,2017,Mon,Jun
2017-06-27,4.33891521,2017,Tue,Jun
2017-06-28,4.97978365,2017,Wed,Jun
2017-06-29,4.46412896,2017,Thu,Jun
2017-06-30,4.6361029799999995,2017,Fri,Jun
2017-07-01,4.50034367,2017,Sat,Jul
2017-07-02,1.2495709289999999,2017,Sun,Jul
2017-07-03,5.5207014,2017,Mon,Jul
2017-07-04,1.157732511,2017,Tue,Jul
2017-07-05,2.640739883,2017,Wed,Jul
2017-07-06,1.9976145299999999,2017,Thu,Jul
2017-07-07,6.686647407,2017,Fri,Jul
2017-07-08,2.643728569,2017,Sat,Jul
2017-07-09,0.96036027,2017,Sun,Jul
2017-07-10,2.01481355,2017,Mon,Jul
2017-07-11,1.674073793,2017,Tue,Jul
2017-07-12,0.61397683,2017,Wed,Jul
2017-07-13,0.44751183,2017,Thu,Jul
2017-07-14,1.382551876,2017,Fri,Jul
2017-07-15,0.992620827,2017,Sat,Jul
2017-07-16,1.45631944,2017,Sun,Jul
2017-07-17,2.2274480899999998,2017,Mon,Jul
2017-07-18,1.51840083,2017,Tue,Jul
2017-07-19,1.03861935,2017,Wed,Jul
2017-07-20,1.40498195,2017,Thu,Jul
2017-07-21,8.71762642,2017,Fri,Jul
2017-07-22,1.1168672,2017,Sat,Jul
2017-07-23,0.99487128,2017,Sun,Jul
2017-07-24,8.95367039,2017,Mon,Jul
2017-07-25,6.778368621,2017,Tue,Jul
2017-07-26,5.570284896,2017,Wed,Jul
2017-07-27,5.166017013,2017,Thu,Jul
2017-07-28,7.11566565,2017,Fri,Jul
2017-07-29,1.14250297,2017,Sat,Jul
2017-07-30,1.720296359,2017,Sun,Jul
2017-07-31,0.384895866,2017,Mon,Jul
2017-08-01,0.277522892,2017,Tue,Aug
2017-08-02,0.17778667,2017,Wed,Aug
2017-08-03,0.849725205,2017,Thu,Aug
2017-08-04,0.82731292,2017,Fri,Aug
2017-08-05,2.297489079,2017,Sat,Aug
2017-08-06,1.77487263,2017,Sun,Aug
2017-08-07,1.5704728,2017,Mon,Aug
2017-08-08,3.052387374,2017,Tue,Aug
2017-08-09,1.092184322,2017,Wed,Aug
2017-08-10,5.7909128,2017,Thu,Aug
2017-08-11,1.843321281,2017,Fri,Aug
2017-08-12,5.77110064,2017,Sat,Aug
2017-08-13,2.972577427,2017,Sun,Aug
2017-08-14,3.6352332,2017,Mon,Aug
2017-08-15,4.81985666,2017,Tue,Aug
2017-08-16,3.6458328499999997,2017,Wed,Aug
2017-08-17,6.192120171,2017,Thu,Aug
2017-08-18,3.450573767,2017,Fri,Aug
2017-08-19,4.8835916,2017,Sat,Aug
2017-08-20,6.33381011,2017,Sun,Aug
2017-08-21,4.668282028,2017,Mon,Aug
2017-08-22,5.247318456,2017,Tue,Aug
2017-08-23,5.602804296,2017,Wed,Aug
2017-08-24,6.61081276,2017,Thu,Aug
2017-08-25,6.38684216,2017,Fri,Aug
2017-08-26,2.872193293,2017,Sat,Aug
2017-08-27,2.1649678,2017,Sun,Aug
2017-08-28,7.032914917,2017,Mon,Aug
2017-08-29,5.13628504,2017,Tue,Aug
2017-08-30,3.49826424,2017,Wed,Aug
2017-08-31,3.781888112,2017,Thu,Aug
2017-09-01,4.59392685,2017,Fri,Sep
2017-09-02,2.00382624,2017,Sat,Sep
2017-09-03,3.326326246,2017,Sun,Sep
2017-09-04,1.57608281,2017,Mon,Sep
2017-09-05,5.51100343,2017,Tue,Sep
2017-09-06,4.5933239299999995,2017,Wed,Sep
2017-09-07,5.51972987,2017,Thu,Sep
2017-09-08,3.603587694,2017,Fri,Sep
2017-09-09,1.74861482,2017,Sat,Sep
2017-09-10,3.77193824,2017,Sun,Sep
2017-09-11,2.874540757,2017,Mon,Sep
2017-09-12,5.630315646000001,2017,Tue,Sep
2017-09-13,1.98150645,2017,Wed,Sep
2017-09-14,4.73187792,2017,Thu,Sep
2017-09-15,3.38196892,2017,Fri,Sep
2017-09-16,1.446322522,2017,Sat,Sep
2017-09-17,2.58521947,2017,Sun,Sep
2017-09-18,4.053272,2017,Mon,Sep
2017-09-19,6.38121459,2017,Tue,Sep
2017-09-20,6.28758739,2017,Wed,Sep
2017-09-21,5.97156102,2017,Thu,Sep
2017-09-22,5.48760651,2017,Fri,Sep
2017-09-23,1.229327554,2017,Sat,Sep
2017-09-24,4.965052267,2017,Sun,Sep
2017-09-25,5.044205195,2017,Mon,Sep
2017-09-26,5.53970368,2017,Tue,Sep
2017-09-27,3.71155393,2017,Wed,Sep
2017-09-28,6.507589289999999,2017,Thu,Sep
2017-09-29,3.97798742,2017,Fri,Sep
2017-09-30,2.41375938,2017,Sat,Sep
2017-10-01,1.51512045,2017,Sun,Oct
2017-10-02,2.88919086,2017,Mon,Oct
2017-10-03,6.38989389,2017,Tue,Oct
2017-10-04,5.110729715,2017,Wed,Oct
2017-10-05,5.21711702,2017,Thu,Oct
2017-10-06,3.89479669,2017,Fri,Oct
2017-10-07,5.063497329,2017,Sat,Oct
2017-10-08,3.27257429,2017,Sun,Oct
2017-10-09,2.4605986,2017,Mon,Oct
2017-10-10,6.74296276,2017,Tue,Oct
2017-10-11,3.55785174,2017,Wed,Oct
2017-10-12,4.81411202,2017,Thu,Oct
2017-10-13,2.09296437,2017,Fri,Oct
2017-10-14,0.88923242,2017,Sat,Oct
2017-10-15,1.778014866,2017,Sun,Oct
2017-10-16,1.69285252,2017,Mon,Oct
2017-10-17,4.9508502850000005,2017,Tue,Oct
2017-10-18,3.48449235,2017,Wed,Oct
2017-10-19,5.02574833,2017,Thu,Oct
2017-10-20,5.92816929,2017,Fri,Oct
2017-10-21,0.070065801,2017,Sat,Oct
2017-10-22,6.104132544,2017,Sun,Oct
2017-10-23,3.367217588,2017,Mon,Oct
2017-10-24,5.12235415,2017,Tue,Oct
2017-10-25,5.43377978,2017,Wed,Oct
2017-10-26,5.28130012,2017,Thu,Oct
2017-10-27,6.56984019,2017,Fri,Oct
2017-10-28,1.7633399,2017,Sat,Oct
2017-10-29,5.76631182,2017,Sun,Oct
2017-10-30,1.48203386,2017,Mon,Oct
2017-10-31,5.746513994,2017,Tue,Oct
2017-11-01,4.4766926400000004,2017,Wed,Nov
2017-11-02,3.828411956,2017,Thu,Nov
2017-11-03,4.12791752,2017,Fri,Nov
2017-11-04,2.05103423,2017,Sat,Nov
2017-11-05,1.59100036,2017,Sun,Nov
2017-11-06,3.077217609,2017,Mon,Nov
2017-11-07,3.83926758,2017,Tue,Nov
2017-11-08,6.3382438599999995,2017,Wed,Nov
2017-11-09,6.64260039,2017,Thu,Nov
2017-11-10,0.337386015,2017,Fri,Nov
2017-11-11,2.24341695,2017,Sat,Nov
2017-11-12,1.56214545,2017,Sun,Nov
2017-11-13,2.17791218,2017,Mon,Nov
2017-11-14,2.498577522,2017,Tue,Nov
2017-11-15,7.02855425,2017,Wed,Nov
2017-11-16,3.159602302,2017,Thu,Nov
2017-11-17,3.23485262,2017,Fri,Nov
2017-11-18,1.187297386,2017,Sat,Nov
2017-11-19,3.16171049,2017,Sun,Nov
2017-11-20,4.24392236,2017,Mon,Nov
2017-11-21,3.14002644,2017,Tue,Nov
2017-11-22,6.166219182,2017,Wed,Nov
2017-11-23,3.57899469,2017,Thu,Nov
2017-11-24,3.004095709,2017,Fri,Nov
2017-11-25,7.159242702,2017,Sat,Nov
2017-11-26,3.196633087,2017,Sun,Nov
2017-11-27,4.28655922,2017,Mon,Nov
2017-11-28,4.39660327,2017,Tue,Nov
2017-11-29,6.39410533,2017,Wed,Nov
2017-11-30,5.16175914,2017,Thu,Nov
2017-12-01,2.5909078,2017,Fri,Dec
2017-12-02,1.13195789,2017,Sat,Dec
2017-12-03,1.70366881,2017,Sun,Dec
2017-12-04,3.62092951,2017,Mon,Dec
2017-12-05,1.30347477,2017,Tue,Dec
2017-12-06,2.70750505,2017,Wed,Dec
2017-12-07,4.40914442,2017,Thu,Dec
2017-12-08,1.34474659,2017,Fri,Dec
2017-12-09,0.25973308,2017,Sat,Dec
2017-12-10,1.358828041,2017,Sun,Dec
2017-12-11,2.15302527,2017,Mon,Dec
2017-12-12,1.046539879,2017,Tue,Dec
2017-12-13,2.90624759,2017,Wed,Dec
2017-12-14,0.34483621999999997,2017,Thu,Dec
2017-12-15,3.0065425599999998,2017,Fri,Dec
2017-12-16,1.451957884,2017,Sat,Dec
2017-12-17,1.40173304,2017,Sun,Dec
2017-12-18,1.79436439,2017,Mon,Dec
2017-12-19,1.4228591800000001,2017,Tue,Dec
2017-12-20,1.59845274,2017,Wed,Dec
2017-12-21,1.522974708,2017,Thu,Dec
2017-12-22,1.59960797,2017,Fri,Dec
2017-12-23,0.46894887,2017,Sat,Dec
2017-12-24,1.3528924900000001,2017,Sun,Dec
2017-12-25,1.432664205,2017,Mon,Dec
2017-12-26,2.85562232,2017,Tue,Dec
2017-12-27,2.68310438,2017,Wed,Dec
2017-12-28,0.77610544,2017,Thu,Dec
2017-12-29,1.12452572,2017,Fri,Dec
2017-12-30,3.5240080910000002,2017,Sat,Dec
2017-12-31,2.341064303,2017,Sun,Dec
2018-01-01,1.74760131,2018,Mon,Jan
2018-01-02,2.282861732,2018,Tue,Jan
2018-01-03,1.043741453,2018,Wed,Jan
2018-01-04,3.00461411,2018,Thu,Jan
2018-01-05,5.47021542,2018,Fri,Jan
2018-01-06,0.41581534,2018,Sat,Jan
2018-01-07,2.18085806,2018,Sun,Jan
2018-01-08,0.86379275,2018,Mon,Jan
2018-01-09,0.54432115,2018,Tue,Jan
2018-01-10,1.924908539,2018,Wed,Jan
2018-01-11,2.092566101,2018,Thu,Jan
2018-01-12,6.2651753800000005,2018,Fri,Jan
2018-01-13,2.087584353,2018,Sat,Jan
2018-01-14,4.98375881,2018,Sun,Jan
2018-01-15,3.16547155,2018,Mon,Jan
2018-01-16,5.82369791,2018,Tue,Jan
2018-01-17,6.40745395,2018,Wed,Jan
2018-01-18,5.89056186,2018,Thu,Jan
2018-01-19,6.16532003,2018,Fri,Jan
2018-01-20,4.32683818,2018,Sat,Jan
2018-01-21,2.04426126,2018,Sun,Jan
2018-01-22,3.4938714,2018,Mon,Jan
2018-01-23,4.778053,2018,Tue,Jan
2018-01-24,5.22223122,2018,Wed,Jan
2018-01-25,4.12897331,2018,Thu,Jan
2018-01-26,5.57103419,2018,Fri,Jan
2018-01-27,1.999465216,2018,Sat,Jan
2018-01-28,1.57931062,2018,Sun,Jan
2018-01-29,4.03813411,2018,Mon,Jan
2018-01-30,5.87590259,2018,Tue,Jan
2018-01-31,4.526615483,2018,Wed,Jan
2018-02-01,3.589375057,2018,Thu,Feb
2018-02-02,5.177860921,2018,Fri,Feb
2018-02-03,3.66441994,2018,Sat,Feb
2018-02-04,4.231862249,2018,Sun,Feb
2018-02-05,6.642575144,2018,Mon,Feb
2018-02-06,4.59667498,2018,Tue,Feb
2018-02-07,4.2405468,2018,Wed,Feb
2018-02-08,5.2130647,2018,Thu,Feb
2018-02-09,6.047205556,2018,Fri,Feb
2018-02-10,4.86959405,2018,Sat,Feb
2018-02-11,2.09488677,2018,Sun,Feb
2018-02-12,4.4797945,2018,Mon,Feb
2018-02-13,3.91555191,2018,Tue,Feb
2018-02-14,5.02297695,2018,Wed,Feb
2018-02-15,4.46264519,2018,Thu,Feb
2018-02-16,3.98900722,2018,Fri,Feb
2018-02-17,3.99814895,2018,Sat,Feb
2018-02-18,3.4342207399999998,2018,Sun,Feb
2018-02-19,3.21130193,2018,Mon,Feb
2018-02-20,5.0617319929999995,2018,Tue,Feb
2018-02-21,5.406401724,2018,Wed,Feb
2018-02-22,6.45250995,2018,Thu,Feb
2018-02-23,6.54724692,2018,Fri,Feb
2018-02-24,3.44555409,2018,Sat,Feb
2018-02-25,2.648948708,2018,Sun,Feb
2018-02-26,2.86539228,2018,Mon,Feb
2018-02-27,3.22120062,2018,Tue,Feb
2018-02-28,4.08958007,2018,Wed,Feb
2018-03-01,3.74853445,2018,Thu,Mar
2018-03-02,3.457932258,2018,Fri,Mar
2018-03-03,0.872865133,2018,Sat,Mar
2018-03-04,2.27464852,2018,Sun,Mar
2018-03-05,3.192983688,2018,Mon,Mar
2018-03-06,3.39335763,2018,Tue,Mar
2018-03-07,6.0796094400000005,2018,Wed,Mar
2018-03-08,3.85108447,2018,Thu,Mar
2018-03-09,6.4183182,2018,Fri,Mar
2018-03-10,6.44312912,2018,Sat,Mar
2018-03-11,1.2813424260000001,2018,Sun,Mar
2018-03-12,3.53991566,2018,Mon,Mar
2018-03-13,2.56531525,2018,Tue,Mar
2018-03-14,4.85901105,2018,Wed,Mar
2018-03-15,3.287557031,2018,Thu,Mar
2018-03-16,4.14585175,2018,Fri,Mar
2018-03-17,4.44093644,2018,Sat,Mar
2018-03-18,1.5461328,2018,Sun,Mar
2018-03-19,5.395128128,2018,Mon,Mar
2018-03-20,4.29926024,2018,Tue,Mar
2018-03-21,9.3675439,2018,Wed,Mar
2018-03-22,3.92500988,2018,Thu,Mar
2018-03-23,5.614449401,2018,Fri,Mar
2018-03-24,3.00247436,2018,Sat,Mar
2018-03-25,4.4436873,2018,Sun,Mar
2018-03-26,4.2336757799999996,2018,Mon,Mar
2018-03-27,8.037855871,2018,Tue,Mar
2018-03-28,2.9776249310000003,2018,Wed,Mar
2018-03-29,4.560030852,2018,Thu,Mar
2018-03-30,2.212144305,2018,Fri,Mar
2018-03-31,4.0011105449999995,2018,Sat,Mar
2018-04-01,1.40047735,2018,Sun,Apr
2018-04-02,7.3812844,2018,Mon,Apr
2018-04-03,2.74748615,2018,Tue,Apr
2018-04-04,2.83986575,2018,Wed,Apr
2018-04-05,4.14855837,2018,Thu,Apr
2018-04-06,3.312124939,2018,Fri,Apr
2018-04-07,1.46177655,2018,Sat,Apr
2018-04-08,3.878425438,2018,Sun,Apr
2018-04-09,4.8105854,2018,Mon,Apr
2018-04-10,4.45297626,2018,Tue,Apr
2018-04-11,6.275524697,2018,Wed,Apr
2018-04-12,7.35248695,2018,Thu,Apr
2018-04-13,6.586178788,2018,Fri,Apr
2018-04-14,1.442581,2018,Sat,Apr
2018-04-15,3.97534147,2018,Sun,Apr
2018-04-16,4.762746786,2018,Mon,Apr
2018-04-17,8.156642651,2018,Tue,Apr
2018-04-18,4.32070558,2018,Wed,Apr
2018-04-19,6.72478377,2018,Thu,Apr
2018-04-20,5.368908598,2018,Fri,Apr
2018-04-21,5.62771306,2018,Sat,Apr
2018-04-22,1.58785803,2018,Sun,Apr
2018-04-23,8.191993868,2018,Mon,Apr
2018-04-24,4.64786888,2018,Tue,Apr
2018-04-25,6.593096543,2018,Wed,Apr
2018-04-26,3.644348081,2018,Thu,Apr
2018-04-27,4.224515113,2018,Fri,Apr
2018-04-28,3.15111639,2018,Sat,Apr
2018-04-29,4.10790229,2018,Sun,Apr
2018-04-30,1.53150105,2018,Mon,Apr
2018-05-01,3.061472077,2018,Tue,May
2018-05-02,3.34448179,2018,Wed,May
2018-05-03,5.32853228,2018,Thu,May
2018-05-04,1.0708718085,2018,Fri,May
2018-05-05,1.0708718085,2018,Sat,May
2018-05-06,0.81768715,2018,Sun,May
2018-05-07,2.407781889,2018,Mon,May
2018-05-08,2.6234838,2018,Tue,May
2018-05-09,3.30694367,2018,Wed,May
2018-05-10,5.50010923,2018,Thu,May
2018-05-11,3.89533042,2018,Fri,May
2018-05-12,4.96054178,2018,Sat,May
2018-05-13,1.759195739,2018,Sun,May
2018-05-14,4.33454798,2018,Mon,May
2018-05-15,1.44251982,2018,Tue,May
2018-05-16,4.3279379,2018,Wed,May
2018-05-17,4.70521748,2018,Thu,May
2018-05-18,1.5291952,2018,Fri,May
2018-05-19,1.93530475,2018,Sat,May
2018-05-20,4.59773603,2018,Sun,May
2018-05-21,2.413877145,2018,Mon,May
2018-05-22,6.882803406,2018,Tue,May
2018-05-23,3.299633414,2018,Wed,May
2018-05-24,1.10570536,2018,Thu,May
2018-05-25,2.163834116,2018,Fri,May
2018-05-26,1.83945758,2018,Sat,May
2018-05-27,2.91290138,2018,Sun,May
2018-05-28,0.812268673,2018,Mon,May
2018-05-29,2.594499666,2018,Tue,May
2018-05-30,1.109738237,2018,Wed,May
2018-05-31,3.8227423259999997,2018,Thu,May
2018-06-01,3.54040038,2018,Fri,Jun
2018-06-02,1.651282036,2018,Sat,Jun
2018-06-03,1.651673409,2018,Sun,Jun
2018-06-04,1.82054806,2018,Mon,Jun
2018-06-05,0.811137947,2018,Tue,Jun
2018-06-06,2.18489026,2018,Wed,Jun
2018-06-07,1.26600695,2018,Thu,Jun
2018-06-08,0.98822298,2018,Fri,Jun
2018-06-09,3.505990047,2018,Sat,Jun
2018-06-10,1.44082636,2018,Sun,Jun
2018-06-11,1.2058579999999999,2018,Mon,Jun
2018-06-12,1.55941918,2018,Tue,Jun
2018-06-13,0.74525422,2018,Wed,Jun
2018-06-14,0.65775862,2018,Thu,Jun
2018-06-15,2.02811165,2018,Fri,Jun
2018-06-16,1.230278,2018,Sat,Jun
2018-06-17,1.7363111,2018,Sun,Jun
2018-06-18,1.57972349,2018,Mon,Jun
2018-06-19,1.609201377,2018,Tue,Jun
2018-06-20,1.909809339,2018,Wed,Jun
2018-06-21,1.672594219,2018,Thu,Jun
2018-06-22,1.091425508,2018,Fri,Jun
2018-06-23,1.9649987899999999,2018,Sat,Jun
2018-06-24,0.15381417,2018,Sun,Jun
2018-06-25,1.76584419,2018,Mon,Jun
2018-06-26,1.415837954,2018,Tue,Jun
2018-06-27,1.55017227,2018,Wed,Jun
2018-06-28,0.99116194,2018,Thu,Jun
2018-06-29,1.54896408,2018,Fri,Jun
2018-06-30,0.37963306,2018,Sat,Jun
2018-07-01,2.168692798,2018,Sun,Jul
2018-07-02,0.6869879,2018,Mon,Jul
2018-07-03,0.9636659399999999,2018,Tue,Jul
2018-07-04,0.42788859,2018,Wed,Jul
2018-07-05,1.04920383,2018,Thu,Jul
2018-07-06,1.18274793,2018,Fri,Jul
2018-07-07,2.57171268,2018,Sat,Jul
2018-07-08,2.2193083,2018,Sun,Jul
2018-07-09,1.038000359,2018,Mon,Jul
2018-07-10,0.81168509,2018,Tue,Jul
2018-07-11,1.06562665,2018,Wed,Jul
2018-07-12,3.14108411,2018,Thu,Jul
2018-07-13,1.6055300240000001,2018,Fri,Jul
2018-07-14,4.06431313,2018,Sat,Jul
2018-07-15,0.15009853,2018,Sun,Jul
2018-07-16,1.15072939,2018,Mon,Jul
2018-07-17,1.35531011,2018,Tue,Jul
2018-07-18,2.3173361199999998,2018,Wed,Jul
2018-07-19,1.161007463,2018,Thu,Jul
2018-07-20,1.627812499,2018,Fri,Jul
2018-07-21,2.3020367,2018,Sat,Jul
2018-07-22,2.113823376,2018,Sun,Jul
2018-07-23,3.284320757,2018,Mon,Jul
2018-07-24,2.38001344,2018,Tue,Jul
2018-07-25,1.484113829,2018,Wed,Jul
2018-07-26,1.665268042,2018,Thu,Jul
2018-07-27,1.97067833,2018,Fri,Jul
2018-07-28,1.80683511,2018,Sat,Jul
2018-07-29,2.56203098,2018,Sun,Jul
2018-07-30,2.48520406,2018,Mon,Jul
2018-07-31,3.4782664,2018,Tue,Jul
2018-08-01,4.78391567,2018,Wed,Aug
2018-08-02,5.90361216,2018,Thu,Aug
2018-08-03,4.94232897,2018,Fri,Aug
2018-08-04,3.24101938,2018,Sat,Aug
2018-08-05,1.96680155,2018,Sun,Aug
2018-08-06,2.2422256099999998,2018,Mon,Aug
2018-08-07,2.02574417,2018,Tue,Aug
2018-08-08,2.15461219,2018,Wed,Aug
2018-08-09,1.647596463,2018,Thu,Aug
2018-08-10,2.60246921,2018,Fri,Aug
2018-08-11,6.478017983,2018,Sat,Aug
2018-08-12,3.71406052,2018,Sun,Aug
2018-08-13,3.19451938,2018,Mon,Aug
2018-08-14,3.11070326,2018,Tue,Aug
2018-08-15,4.06319714,2018,Wed,Aug
2018-08-16,5.6848705,2018,Thu,Aug
2018-08-17,5.18541078,2018,Fri,Aug
2018-08-18,5.07628322,2018,Sat,Aug
2018-08-19,3.430646552,2018,Sun,Aug
2018-08-20,0.15357805,2018,Mon,Aug
2018-08-21,3.32964248,2018,Tue,Aug
2018-08-22,7.02756636,2018,Wed,Aug
2018-08-23,4.931960874,2018,Thu,Aug
2018-08-24,5.174865646,2018,Fri,Aug
2018-08-25,0.23417623,2018,Sat,Aug
2018-08-26,2.49939729,2018,Sun,Aug
2018-08-27,6.27645036,2018,Mon,Aug
2018-08-28,6.15905822,2018,Tue,Aug
2018-08-29,5.48782132,2018,Wed,Aug
2018-08-30,3.530742867,2018,Thu,Aug
2018-08-31,2.6061494080000003,2018,Fri,Aug
2018-09-01,1.07088303,2018,Sat,Sep
2018-09-02,1.24775926,2018,Sun,Sep
2018-09-03,0.197801158,2018,Mon,Sep
2018-09-04,6.0198551,2018,Tue,Sep
2018-09-05,5.427563182,2018,Wed,Sep
2018-09-06,4.60316215,2018,Thu,Sep
2018-09-07,2.635004655,2018,Fri,Sep
2018-09-08,2.13739065,2018,Sat,Sep
2018-09-09,2.60781333,2018,Sun,Sep
2018-09-10,3.639917783,2018,Mon,Sep
2018-09-11,6.37950176,2018,Tue,Sep
2018-09-12,4.57772117,2018,Wed,Sep
2018-09-13,3.41503835,2018,Thu,Sep
2018-09-14,3.525509028,2018,Fri,Sep
2018-09-15,2.03254737,2018,Sat,Sep
2018-09-16,3.54364347,2018,Sun,Sep
2018-09-17,2.74039946,2018,Mon,Sep
2018-09-18,6.79190257,2018,Tue,Sep
2018-09-19,6.79190257,2018,Wed,Sep
2018-09-20,6.79190257,2018,Thu,Sep
2018-09-21,1.8754543000000001,2018,Fri,Sep
2018-09-22,2.76431142,2018,Sat,Sep
2018-09-23,1.17788969,2018,Sun,Sep
2018-09-24,4.89278951,2018,Mon,Sep
2018-09-25,5.748658662,2018,Tue,Sep
2018-09-26,7.01848407,2018,Wed,Sep
2018-09-27,2.12307253,2018,Thu,Sep
2018-09-28,4.5095913,2018,Fri,Sep
2018-09-29,2.07029132,2018,Sat,Sep
2018-09-30,5.062222275,2018,Sun,Sep
2018-10-01,5.062222275,2018,Mon,Oct
2018-10-02,5.062222275,2018,Tue,Oct
2018-10-03,5.062222275,2018,Wed,Oct
2018-10-04,2.3067897333333334,2018,Thu,Oct
2018-10-05,2.3067897333333334,2018,Fri,Oct
2018-10-06,2.3067897333333334,2018,Sat,Oct
2018-10-07,1.57187072,2018,Sun,Oct
2018-10-08,4.43377685,2018,Mon,Oct
2018-10-09,4.43377685,2018,Tue,Oct
2018-10-10,5.688192766666667,2018,Wed,Oct
2018-10-11,5.688192766666667,2018,Thu,Oct
2018-10-12,5.688192766666667,2018,Fri,Oct
2018-10-13,1.5882735000000001,2018,Sat,Oct
2018-10-14,1.5882735000000001,2018,Sun,Oct
2018-10-15,8.58763762,2018,Mon,Oct
2018-10-16,1.66671012,2018,Tue,Oct
2018-10-17,3.9127944650000006,2018,Wed,Oct
2018-10-18,3.9127944650000006,2018,Thu,Oct
2018-10-19,3.9127944650000006,2018,Fri,Oct
2018-10-20,3.9127944650000006,2018,Sat,Oct
2018-10-21,3.9127944650000006,2018,Sun,Oct
2018-10-22,3.9127944650000006,2018,Mon,Oct
2018-10-23,7.42581896,2018,Tue,Oct
2018-10-24,4.37685954,2018,Wed,Oct
2018-10-25,6.28032891,2018,Thu,Oct
2018-10-26,7.1450881100000005,2018,Fri,Oct
2018-10-27,1.21839027,2018,Sat,Oct
2018-10-28,9.21833467,2018,Sun,Oct
2018-10-29,0.3311971,2018,Mon,Oct
2018-10-30,5.5100107,2018,Tue,Oct
2018-10-31,6.099294,2018,Wed,Oct
2018-11-01,2.5087725450000002,2018,Thu,Nov
2018-11-02,2.5087725450000002,2018,Fri,Nov
2018-11-03,2.5087725450000002,2018,Sat,Nov
2018-11-04,2.5087725450000002,2018,Sun,Nov
2018-11-05,3.578461,2018,Mon,Nov
2018-11-06,3.578461,2018,Tue,Nov
2018-11-07,3.578461,2018,Wed,Nov
2018-11-08,3.578461,2018,Thu,Nov
2018-11-09,3.578461,2018,Fri,Nov
2018-11-10,3.578461,2018,Sat,Nov
2018-11-11,3.578461,2018,Sun,Nov
2018-11-12,3.578461,2018,Mon,Nov
2018-11-13,1.7435254,2018,Tue,Nov
2018-11-14,4.461544249999999,2018,Wed,Nov
2018-11-15,4.461544249999999,2018,Thu,Nov
2018-11-16,4.461544249999999,2018,Fri,Nov
2018-11-17,4.461544249999999,2018,Sat,Nov
2018-11-18,1.96309263,2018,Sun,Nov
2018-11-19,5.70477522,2018,Mon,Nov
2018-11-20,1.14656703,2018,Tue,Nov
2018-11-21,1.64911885,2018,Wed,Nov
2018-11-22,3.1325513000000003,2018,Thu,Nov
2018-11-23,5.3379010970000005,2018,Fri,Nov
2018-11-24,5.3379010970000005,2018,Sat,Nov
2018-11-25,5.3379010970000005,2018,Sun,Nov
2018-11-26,5.3379010970000005,2018,Mon,Nov
2018-11-27,5.3379010970000005,2018,Tue,Nov
2018-11-28,2.8610386091666666,2018,Wed,Nov
2018-11-29,2.8610386091666666,2018,Thu,Nov
2018-11-30,2.8610386091666666,2018,Fri,Nov
2018-12-01,2.8610386091666666,2018,Sat,Dec
2018-12-02,2.8610386091666666,2018,Sun,Dec
2018-12-03,2.8610386091666666,2018,Mon,Dec
2018-12-04,3.029779755,2018,Tue,Dec
2018-12-05,3.029779755,2018,Wed,Dec
2018-12-06,3.029779755,2018,Thu,Dec
2018-12-07,3.029779755,2018,Fri,Dec
2018-12-08,3.029779755,2018,Sat,Dec
2018-12-09,3.029779755,2018,Sun,Dec
2018-12-10,3.029779755,2018,Mon,Dec
2018-12-11,3.029779755,2018,Tue,Dec
2018-12-12,3.029779755,2018,Wed,Dec
2018-12-13,3.029779755,2018,Thu,Dec
2018-12-14,2.16866819,2018,Fri,Dec
2018-12-15,1.412104224,2018,Sat,Dec
2018-12-16,1.87267422,2018,Sun,Dec
2018-12-17,0.13177418,2018,Mon,Dec
2018-12-18,7.43442721,2018,Tue,Dec
2018-12-19,7.43442721,2018,Wed,Dec
2018-12-20,0.071439,2018,Thu,Dec
2018-12-21,0.87775552,2018,Fri,Dec
2018-12-22,2.4181998,2018,Sat,Dec
2018-12-23,1.37749317,2018,Sun,Dec
2018-12-24,3.1643593,2018,Mon,Dec
2018-12-25,2.09964399,2018,Tue,Dec
2018-12-26,0.67500822,2018,Wed,Dec
2018-12-27,2.27043055,2018,Thu,Dec
2018-12-28,2.0770442,2018,Fri,Dec
2018-12-29,2.0770442,2018,Sat,Dec
2018-12-30,2.59599627,2018,Sun,Dec
2018-12-31,1.1221645,2018,Mon,Dec
2019-01-01,2.16225709,2019,Tue,Jan
2019-01-02,2.16225709,2019,Wed,Jan
2019-01-03,2.16225709,2019,Thu,Jan
2019-01-04,2.16225709,2019,Fri,Jan
2019-01-05,2.16225709,2019,Sat,Jan
2019-01-06,2.16225709,2019,Sun,Jan
2019-01-07,2.16225709,2019,Mon,Jan
2019-01-08,2.16225709,2019,Tue,Jan
2019-01-09,2.16225709,2019,Wed,Jan
2019-01-10,2.16225709,2019,Thu,Jan
2019-01-11,2.16225709,2019,Fri,Jan
2019-01-12,2.16225709,2019,Sat,Jan
2019-01-13,2.16225709,2019,Sun,Jan
2019-01-14,1.225923985,2019,Mon,Jan
2019-01-15,1.225923985,2019,Tue,Jan
2019-01-16,0.72220079,2019,Wed,Jan
2019-01-17,2.6752073100000002,2019,Thu,Jan
2019-01-18,3.9544993799999997,2019,Fri,Jan
2019-01-19,1.48135544,2019,Sat,Jan
2019-01-20,2.62916509,2019,Sun,Jan
2019-01-21,3.39025533,2019,Mon,Jan
2019-01-22,5.846412600000001,2019,Tue,Jan
2019-01-23,5.846412600000001,2019,Wed,Jan
2019-01-24,2.277568,2019,Thu,Jan
2019-01-25,3.9987794,2019,Fri,Jan
2019-01-26,2.49395239,2019,Sat,Jan
2019-01-27,4.515225326,2019,Sun,Jan
2019-01-28,4.67555944,2019,Mon,Jan
2019-01-29,4.67555944,2019,Tue,Jan
2019-01-30,4.67555944,2019,Wed,Jan
2019-01-31,4.67555944,2019,Thu,Jan
2019-02-01,2.6244903,2019,Fri,Feb
2019-02-02,1.1893095,2019,Sat,Feb
2019-02-03,3.3736030016666665,2019,Sun,Feb
2019-02-04,3.3736030016666665,2019,Mon,Feb
2019-02-05,3.3736030016666665,2019,Tue,Feb
2019-02-06,3.3736030016666665,2019,Wed,Feb
2019-02-07,3.3736030016666665,2019,Thu,Feb
2019-02-08,3.3736030016666665,2019,Fri,Feb
2019-02-09,1.88921696,2019,Sat,Feb
2019-02-10,2.534734,2019,Sun,Feb
2019-02-11,2.534734,2019,Mon,Feb
2019-02-12,9.24163579,2019,Tue,Feb
2019-02-13,4.63162128,2019,Wed,Feb
2019-02-14,4.63162128,2019,Thu,Feb
2019-02-15,1.79390531,2019,Fri,Feb
2019-02-16,3.8845734875000004,2019,Sat,Feb
2019-02-17,3.8845734875000004,2019,Sun,Feb
2019-02-18,3.8845734875000004,2019,Mon,Feb
2019-02-19,3.8845734875000004,2019,Tue,Feb
2019-02-20,3.560352336,2019,Wed,Feb
2019-02-21,7.607634640000001,2019,Thu,Feb
2019-02-22,2.9676053375,2019,Fri,Feb
2019-02-23,2.9676053375,2019,Sat,Feb
2019-02-24,2.9676053375,2019,Sun,Feb
2019-02-25,2.9676053375,2019,Mon,Feb
2019-02-26,0.01657819,2019,Tue,Feb
2019-02-27,7.3699959900000005,2019,Wed,Feb
2019-02-28,4.80817872,2019,Thu,Feb
2019-03-01,4.20988263,2019,Fri,Mar
2019-03-02,1.60885076,2019,Sat,Mar
2019-03-03,1.60885076,2019,Sun,Mar
2019-03-04,1.7877399999999999,2019,Mon,Mar
2019-03-05,3.8384945,2019,Tue,Mar
2019-03-06,3.8384945,2019,Wed,Mar
2019-03-07,3.8384945,2019,Thu,Mar
2019-03-08,3.8384945,2019,Fri,Mar
2019-03-09,4.127132,2019,Sat,Mar
2019-03-10,4.127132,2019,Sun,Mar
2019-03-11,4.127132,2019,Mon,Mar
2019-03-12,4.127132,2019,Tue,Mar
2019-03-13,4.127132,2019,Wed,Mar
2019-03-14,5.5268314300000005,2019,Thu,Mar
2019-03-15,2.9489109,2019,Fri,Mar
2019-03-16,1.06957846,2019,Sat,Mar
2019-03-17,2.254381356,2019,Sun,Mar
2019-03-18,1.66440514,2019,Mon,Mar
2019-03-19,4.801850508,2019,Tue,Mar
2019-03-20,7.10026816,2019,Wed,Mar
2019-03-21,4.78778021,2019,Thu,Mar
2019-03-22,4.36497097,2019,Fri,Mar
2019-03-23,2.9945908995,2019,Sat,Mar
2019-03-24,2.9945908995,2019,Sun,Mar
2019-03-25,1.75623226,2019,Mon,Mar
2019-03-26,5.4233047270000005,2019,Tue,Mar
2019-03-27,0.8756051,2019,Wed,Mar
2019-03-28,0.5855676,2019,Thu,Mar
2019-03-29,2.61033509,2019,Fri,Mar
2019-03-30,1.03171203,2019,Sat,Mar
2019-03-31,2.26785684,2019,Sun,Mar
2019-04-01,1.10450596,2019,Mon,Apr
2019-04-02,1.53349474,2019,Tue,Apr
2019-04-03,3.433275377,2019,Wed,Apr
2019-04-04,4.072535207,2019,Thu,Apr
2019-04-05,3.27320861,2019,Fri,Apr
2019-04-06,2.2992910699999998,2019,Sat,Apr
2019-04-07,2.52671285,2019,Sun,Apr
2019-04-08,3.20861211,2019,Mon,Apr
2019-04-09,4.08075151,2019,Tue,Apr
2019-04-10,3.14297697,2019,Wed,Apr
2019-04-11,3.61887241,2019,Thu,Apr
2019-04-12,6.28354663,2019,Fri,Apr
2019-04-13,5.4792626,2019,Sat,Apr
2019-04-14,0.12363439,2019,Sun,Apr
2019-04-15,2.40379879,2019,Mon,Apr
2019-04-16,5.70622768,2019,Tue,Apr
2019-04-17,2.75407839,2019,Wed,Apr
2019-04-18,5.97968975,2019,Thu,Apr
2019-04-19,2.1735322310000003,2019,Fri,Apr
2019-04-20,2.56621248,2019,Sat,Apr
2019-04-21,1.30389039,2019,Sun,Apr
2019-04-22,3.986829867,2019,Mon,Apr
2019-04-23,6.8846187500000005,2019,Tue,Apr
2019-04-24,1.95361657,2019,Wed,Apr
2019-04-25,4.6773465,2019,Thu,Apr
2019-04-26,1.90776412,2019,Fri,Apr
2019-04-27,4.80505707,2019,Sat,Apr
2019-04-28,0.71299813,2019,Sun,Apr
2019-04-29,2.663713886,2019,Mon,Apr
2019-04-30,5.16183538,2019,Tue,Apr
2019-05-01,3.801790895,2019,Wed,May
2019-05-02,5.813446072,2019,Thu,May
2019-05-03,3.7046821,2019,Fri,May
2019-05-04,2.93646807,2019,Sat,May
2019-05-05,2.11998798,2019,Sun,May
2019-05-06,10.37946982,2019,Mon,May
2019-05-07,7.51186107,2019,Tue,May
2019-05-08,2.7622383,2019,Wed,May
2019-05-09,3.71985737,2019,Thu,May
2019-05-10,1.4001239699999999,2019,Fri,May
2019-05-11,0.6457231,2019,Sat,May
2019-05-12,0.6033145200000001,2019,Sun,May
2019-05-13,1.87277063,2019,Mon,May
2019-05-14,2.61572423,2019,Tue,May
2019-05-15,2.90694226,2019,Wed,May
2019-05-16,2.14410212,2019,Thu,May
2019-05-17,4.7773704,2019,Fri,May
2019-05-18,4.48030899,2019,Sat,May
2019-05-19,4.34375725,2019,Sun,May
2019-05-20,4.97952388,2019,Mon,May
2019-05-21,4.00107086,2019,Tue,May
2019-05-22,2.275411887,2019,Wed,May
2019-05-23,3.11912844,2019,Thu,May
2019-05-24,4.0591908199999995,2019,Fri,May
2019-05-25,1.930836494,2019,Sat,May
2019-05-26,0.6955504100000001,2019,Sun,May
2019-05-27,3.353329114,2019,Mon,May
2019-05-28,2.671206187,2019,Tue,May
2019-05-29,1.32731734,2019,Wed,May
2019-05-30,0.37794932000000003,2019,Thu,May
2019-05-31,1.16307651,2019,Fri,May
2019-06-01,0.1371863,2019,Sat,Jun
2019-06-02,0.8261507,2019,Sun,Jun
2019-06-03,1.58047595,2019,Mon,Jun
2019-06-04,0.9261976000000001,2019,Tue,Jun
2019-06-05,1.29222495,2019,Wed,Jun
2019-06-06,1.92292988,2019,Thu,Jun
2019-06-07,0.63938475,2019,Fri,Jun
2019-06-08,2.12236163,2019,Sat,Jun
2019-06-09,3.130828854,2019,Sun,Jun
2019-06-10,2.13213671,2019,Mon,Jun
2019-06-11,4.83847455,2019,Tue,Jun
2019-06-12,2.9682298,2019,Wed,Jun
2019-06-13,0.08097083,2019,Thu,Jun
2019-06-14,4.1414466,2019,Fri,Jun
2019-06-15,1.900669744,2019,Sat,Jun
2019-06-16,2.85346068,2019,Sun,Jun
2019-06-17,0.8077327400000001,2019,Mon,Jun
2019-06-18,3.52629586,2019,Tue,Jun
2019-06-19,2.472747317,2019,Wed,Jun
2019-06-20,3.47721945,2019,Thu,Jun
2019-06-21,4.66200412,2019,Fri,Jun
2019-06-22,2.92131039,2019,Sat,Jun
2019-06-23,2.91300774,2019,Sun,Jun
2019-06-24,3.9333914,2019,Mon,Jun
2019-06-25,2.99431827,2019,Tue,Jun
2019-06-26,8.0323155,2019,Wed,Jun
2019-06-27,4.75767802,2019,Thu,Jun
2019-06-28,2.43479299,2019,Fri,Jun
2019-06-29,3.54363661,2019,Sat,Jun
2019-06-30,0.95958263,2019,Sun,Jun
2019-07-01,3.22880062,2019,Mon,Jul
2019-07-02,3.98046656,2019,Tue,Jul
2019-07-03,2.82936492,2019,Wed,Jul
2019-07-04,1.0878275,2019,Thu,Jul
2019-07-05,2.5617268,2019,Fri,Jul
2019-07-06,1.28536152,2019,Sat,Jul
2019-07-07,2.13877331,2019,Sun,Jul
2019-07-08,2.602187654,2019,Mon,Jul
2019-07-09,2.86037306,2019,Tue,Jul
2019-07-10,2.42158221,2019,Wed,Jul
2019-07-11,4.20387333,2019,Thu,Jul
2019-07-12,4.54184796,2019,Fri,Jul
2019-07-13,4.51482819,2019,Sat,Jul
2019-07-14,1.34034013,2019,Sun,Jul
2019-07-15,2.82343095,2019,Mon,Jul
2019-07-16,2.847755547,2019,Tue,Jul
2019-07-17,5.68753101,2019,Wed,Jul
2019-07-18,3.265629546,2019,Thu,Jul
2019-07-19,3.182985357,2019,Fri,Jul
2019-07-20,2.419041902,2019,Sat,Jul
2019-07-21,1.92525665,2019,Sun,Jul
2019-07-22,2.92212986,2019,Mon,Jul
2019-07-23,4.28593755,2019,Tue,Jul
2019-07-24,2.83651781,2019,Wed,Jul
2019-07-25,5.96378256,2019,Thu,Jul
2019-07-26,3.47117923,2019,Fri,Jul
2019-07-27,5.63659415,2019,Sat,Jul
2019-07-28,6.65699423,2019,Sun,Jul
2019-07-29,2.87001388,2019,Mon,Jul
2019-07-30,4.2107716,2019,Tue,Jul
2019-07-31,3.32188155,2019,Wed,Jul
2019-08-01,4.9693336,2019,Thu,Aug
2019-08-02,3.05745674,2019,Fri,Aug
2019-08-03,2.13542367,2019,Sat,Aug
2019-08-04,0.88388154,2019,Sun,Aug
2019-08-05,2.98704394,2019,Mon,Aug
2019-08-06,3.24776564,2019,Tue,Aug
2019-08-07,2.558165259,2019,Wed,Aug
2019-08-08,2.9435602,2019,Thu,Aug
2019-08-09,2.98432791,2019,Fri,Aug
2019-08-10,2.305644626,2019,Sat,Aug
2019-08-11,3.45886296,2019,Sun,Aug
2019-08-12,2.5624623,2019,Mon,Aug
2019-08-13,3.23784185,2019,Tue,Aug
2019-08-14,2.96009497,2019,Wed,Aug
2019-08-15,2.85894804,2019,Thu,Aug
2019-08-16,3.4969451,2019,Fri,Aug
2019-08-17,4.89327271,2019,Sat,Aug
2019-08-18,2.86612693,2019,Sun,Aug
2019-08-19,2.57117305,2019,Mon,Aug
2019-08-20,3.33793773,2019,Tue,Aug
2019-08-21,3.10386186,2019,Wed,Aug
2019-08-22,0.54227072,2019,Thu,Aug
2019-08-23,2.92723092,2019,Fri,Aug
2019-08-24,0.77604287,2019,Sat,Aug
2019-08-25,0.89435208,2019,Sun,Aug
2019-08-26,3.47410452,2019,Mon,Aug
2019-08-27,3.6652822499999997,2019,Tue,Aug
2019-08-28,3.25243605,2019,Wed,Aug
2019-08-29,2.5515499520000002,2019,Thu,Aug
2019-08-30,6.35969811,2019,Fri,Aug
2019-08-31,1.06994538,2019,Sat,Aug
2019-09-01,2.46409827,2019,Sun,Sep
2019-09-02,2.39697721,2019,Mon,Sep
2019-09-03,2.92413442,2019,Tue,Sep
2019-09-04,3.50382004,2019,Wed,Sep
2019-09-05,3.58366006,2019,Thu,Sep
2019-09-06,4.740148,2019,Fri,Sep
2019-09-07,4.66719174,2019,Sat,Sep
2019-09-08,3.19934063,2019,Sun,Sep
2019-09-09,3.94008408,2019,Mon,Sep
2019-09-10,3.61161373,2019,Tue,Sep
2019-09-11,6.37123007,2019,Wed,Sep
2019-09-12,2.40246344,2019,Thu,Sep
2019-09-13,3.1274916,2019,Fri,Sep
2019-09-14,1.95563517,2019,Sat,Sep
2019-09-15,1.55682163,2019,Sun,Sep
2019-09-16,2.99685586,2019,Mon,Sep
2019-09-17,3.2219597700000002,2019,Tue,Sep
2019-09-18,3.20646201,2019,Wed,Sep
2019-09-19,3.11754922,2019,Thu,Sep
2019-09-20,4.77343551,2019,Fri,Sep
2019-09-21,3.153931848,2019,Sat,Sep
2019-09-22,3.47940673,2019,Sun,Sep
2019-09-23,1.63919535,2019,Mon,Sep
2019-09-24,3.7289795,2019,Tue,Sep
2019-09-25,3.971382448,2019,Wed,Sep
2019-09-26,1.77800454,2019,Thu,Sep
2019-09-27,1.02808948,2019,Fri,Sep
2019-09-28,2.0111489000000002,2019,Sat,Sep
2019-09-29,4.18343943,2019,Sun,Sep
2019-09-30,1.75776538,2019,Mon,Sep
2019-10-01,3.380783302,2019,Tue,Oct
2019-10-02,4.20222212,2019,Wed,Oct
2019-10-03,2.15791047,2019,Thu,Oct
2019-10-04,6.536750779999999,2019,Fri,Oct
2019-10-05,7.86257521,2019,Sat,Oct
2019-10-06,7.25769093,2019,Sun,Oct
2019-10-07,4.701799031,2019,Mon,Oct
2019-10-08,2.66401087,2019,Tue,Oct
2019-10-09,2.56418786,2019,Wed,Oct
2019-10-10,1.80327529,2019,Thu,Oct
2019-10-11,3.24970684,2019,Fri,Oct
2019-10-12,4.72136555,2019,Sat,Oct
2019-10-13,4.1016974,2019,Sun,Oct
2019-10-14,2.9377922,2019,Mon,Oct
2019-10-15,2.20912927,2019,Tue,Oct
2019-10-16,2.16438002,2019,Wed,Oct
2019-10-17,1.22779964,2019,Thu,Oct
2019-10-18,2.0005176,2019,Fri,Oct
2019-10-19,6.64150856,2019,Sat,Oct
2019-10-20,0.841588976,2019,Sun,Oct
2019-10-21,1.10039891,2019,Mon,Oct
2019-10-22,1.39418251,2019,Tue,Oct
2019-10-23,1.02020949,2019,Wed,Oct
2019-10-24,1.68791839,2019,Thu,Oct
2019-10-25,1.62529061,2019,Fri,Oct
2019-10-26,6.62159927,2019,Sat,Oct
2019-10-27,3.09667804,2019,Sun,Oct
2019-10-28,0.76748202,2019,Mon,Oct
2019-10-29,1.03999685,2019,Tue,Oct
2019-10-30,1.42175486,2019,Wed,Oct
2019-10-31,1.4956460200000001,2019,Thu,Oct
2019-11-01,0.8543103320000001,2019,Fri,Nov
2019-11-02,2.292110025,2019,Sat,Nov
2019-11-03,0.32385883,2019,Sun,Nov
2019-11-04,1.14655026,2019,Mon,Nov
2019-11-05,1.55242502,2019,Tue,Nov
2019-11-06,0.81353706,2019,Wed,Nov
2019-11-07,1.73333399,2019,Thu,Nov
2019-11-08,1.1330799,2019,Fri,Nov
2019-11-09,1.91023205,2019,Sat,Nov
2019-11-10,1.18046297,2019,Sun,Nov
2019-11-11,1.04578376,2019,Mon,Nov
2019-11-12,0.82244001,2019,Tue,Nov
2019-11-13,0.90845608,2019,Wed,Nov
2019-11-14,1.03042507,2019,Thu,Nov
2019-11-15,2.28402483,2019,Fri,Nov
2019-11-16,1.34446131,2019,Sat,Nov
2019-11-17,0.24163266,2019,Sun,Nov
2019-11-18,0.84431102,2019,Mon,Nov
2019-11-19,1.04882167,2019,Tue,Nov
2019-11-20,1.37180444,2019,Wed,Nov
2019-11-21,1.20673493,2019,Thu,Nov
2019-11-22,1.77933921,2019,Fri,Nov
2019-11-23,1.4900135,2019,Sat,Nov
2019-11-24,3.08136982,2019,Sun,Nov
2019-11-25,1.659480065,2019,Mon,Nov
2019-11-26,1.99055865,2019,Tue,Nov
2019-11-27,3.66229376,2019,Wed,Nov
2019-11-28,1.2417294,2019,Thu,Nov
2019-11-29,2.53419278,2019,Fri,Nov
2019-11-30,1.8211499599999998,2019,Sat,Nov
2019-12-01,0.22975818,2019,Sun,Dec
2019-12-02,0.69827584,2019,Mon,Dec
2019-12-03,0.93077744,2019,Tue,Dec
2019-12-04,1.68724215,2019,Wed,Dec
2019-12-05,1.37707745,2019,Thu,Dec
2019-12-06,1.30294002,2019,Fri,Dec
2019-12-07,0.95230568,2019,Sat,Dec
2019-12-08,1.0918631,2019,Sun,Dec
2019-12-09,1.508056,2019,Mon,Dec
2019-12-10,1.03062073,2019,Tue,Dec
2019-12-11,1.13536872,2019,Wed,Dec
2019-12-12,1.57507189,2019,Thu,Dec
2019-12-13,1.63993734,2019,Fri,Dec
2019-12-14,2.82998603,2019,Sat,Dec
2019-12-15,0.61350292,2019,Sun,Dec
2019-12-16,1.425701245,2019,Mon,Dec
2019-12-17,1.28894159,2019,Tue,Dec
2019-12-18,1.7285302,2019,Wed,Dec
2019-12-19,0.68374863,2019,Thu,Dec
2019-12-20,2.60135227,2019,Fri,Dec
2019-12-21,2.41489722,2019,Sat,Dec
2019-12-22,2.72605403,2019,Sun,Dec
2019-12-23,5.256032569,2019,Mon,Dec
2019-12-24,3.68084949,2019,Tue,Dec
2019-12-25,1.3986887,2019,Wed,Dec
2019-12-26,1.80850436,2019,Thu,Dec
2019-12-27,1.25472244,2019,Fri,Dec
2019-12-28,1.07896916,2019,Sat,Dec
2019-12-29,0.691767888,2019,Sun,Dec
2019-12-30,1.3530724,2019,Mon,Dec
2019-12-31,2.35505741,2019,Tue,Dec
2020-01-01,1.57364997,2020,Wed,Jan
2020-01-02,1.43956809,2020,Thu,Jan
2020-01-03,1.18006058,2020,Fri,Jan
2020-01-04,1.30272203,2020,Sat,Jan
2020-01-05,0.706621969,2020,Sun,Jan
2020-01-06,1.00999791,2020,Mon,Jan
2020-01-07,1.53400527,2020,Tue,Jan
2020-01-08,2.22792315,2020,Wed,Jan
2020-01-09,1.63832335,2020,Thu,Jan
2020-01-10,1.5175044070000001,2020,Fri,Jan
2020-01-11,1.808946071,2020,Sat,Jan
2020-01-12,2.149812972,2020,Sun,Jan
2020-01-13,0.97246345,2020,Mon,Jan
2020-01-14,1.65132746,2020,Tue,Jan
2020-01-15,1.4041407,2020,Wed,Jan
2020-01-16,1.5328564599999999,2020,Thu,Jan
2020-01-17,1.5536299,2020,Fri,Jan
2020-01-18,1.8102828899999999,2020,Sat,Jan
2020-01-19,0.7060609999999999,2020,Sun,Jan
2020-01-20,1.100007222,2020,Mon,Jan
2020-01-21,0.95450855,2020,Tue,Jan
2020-01-22,1.01434455,2020,Wed,Jan
2020-01-23,1.6176933199999999,2020,Thu,Jan
2020-01-24,2.00434674,2020,Fri,Jan
2020-01-25,1.42580015,2020,Sat,Jan
2020-01-26,1.202630488,2020,Sun,Jan
2020-01-27,1.885440835,2020,Mon,Jan
2020-01-28,6.11254687,2020,Tue,Jan
2020-01-29,4.6514634,2020,Wed,Jan
2020-01-30,4.23747957,2020,Thu,Jan
2020-01-31,5.2971431,2020,Fri,Jan
2020-02-01,1.35708102,2020,Sat,Feb
2020-02-02,0.5251221699999999,2020,Sun,Feb
